{
  "$schema": "https://developer.microsoft.com/json-schemas/fabric/item/report/definition/visualContainer/2.4.0/schema.json",
  "name": "0d906a1d0006da0db869",
  "position": {
    "x": 0,
    "y": 45.2831705723714,
    "z": 0,
    "height": 629.847736142984,
    "width": 1280.2787316370459,
    "tabOrder": 0
  },
  "visual": {
    "visualType": "map",
    "query": {
      "queryState": {
        "Category": {
          "projections": [
            {
              "field": {
                "Column": {
                  "Expression": {
                    "SourceRef": {
                      "Entity": "Customer_Info"
                    }
                  },
                  "Property": "State"
                }
              },
              "queryRef": "Customer_Info.State",
              "nativeQueryRef": "State",
              "active": true
            }
          ]
        },
        "Series": {
          "projections": [
            {
              "field": {
                "Column": {
                  "Expression": {
                    "SourceRef": {
                      "Entity": "Customer_Info"
                    }
                  },
                  "Property": "Country"
                }
              },
              "queryRef": "Customer_Info.Country",
              "nativeQueryRef": "Country"
            }
          ]
        },
        "Size": {
          "projections": [
            {
              "field": {
                "Aggregation": {
                  "Expression": {
                    "Column": {
                      "Expression": {
                        "SourceRef": {
                          "Entity": "Sales_Transactions"
                        }
                      },
                      "Property": "Sales Price"
                    }
                  },
                  "Function": 0
                }
              },
              "queryRef": "Sum(Sales_Transactions.Sales Price)",
              "nativeQueryRef": "Sum of Sale Price",
              "displayName": "Sum of Sale Price"
            }
          ]
        },
        "Tooltips": {
          "projections": [
            {
              "field": {
                "Aggregation": {
                  "Expression": {
                    "Column": {
                      "Expression": {
                        "SourceRef": {
                          "Entity": "Sales_Transactions"
                        }
                      },
                      "Property": "Units Sold"
                    }
                  },
                  "Function": 0
                }
              },
              "queryRef": "Sum(Sales_Transactions.Units Sold)",
              "nativeQueryRef": "Sum of Units Sold"
            }
          ]
        }
      }
    },
    "visualContainerObjects": {
      "title": [
        {
          "properties": {
            "text": {
              "expr": {
                "Literal": {
                  "Value": "'Sales across Countries'"
                }
              }
            }
          }
        }
      ],
      "border": [
        {
          "properties": {
            "show": {
              "expr": {
                "Literal": {
                  "Value": "true"
                }
              }
            },
            "radius": {
              "expr": {
                "Literal": {
                  "Value": "0D"
                }
              }
            },
            "width": {
              "expr": {
                "Literal": {
                  "Value": "2D"
                }
              }
            }
          }
        }
      ]
    },
    "drillFilterOtherVisuals": true
  },
  "filterConfig": {
    "filters": [
      {
        "name": "0da1e200762dc4ca64c1",
        "field": {
          "Column": {
            "Expression": {
              "SourceRef": {
                "Entity": "Customer_Info"
              }
            },
            "Property": "State"
          }
        },
        "type": "Categorical"
      },
      {
        "name": "7900d668396640755c53",
        "field": {
          "Column": {
            "Expression": {
              "SourceRef": {
                "Entity": "Customer_Info"
              }
            },
            "Property": "Country"
          }
        },
        "type": "Categorical"
      },
      {
        "name": "f2638ce7133009899997",
        "field": {
          "Aggregation": {
            "Expression": {
              "Column": {
                "Expression": {
                  "SourceRef": {
                    "Entity": "Sales_Transactions"
                  }
                },
                "Property": "Sales Price"
              }
            },
            "Function": 0
          }
        },
        "type": "Advanced"
      },
      {
        "name": "d2559570817905b2a3ab",
        "field": {
          "Aggregation": {
            "Expression": {
              "Column": {
                "Expression": {
                  "SourceRef": {
                    "Entity": "Sales_Transactions"
                  }
                },
                "Property": "Units Sold"
              }
            },
            "Function": 0
          }
        },
        "type": "Advanced"
      }
    ]
  }
}