{
  "$schema": "https://developer.microsoft.com/json-schemas/fabric/item/report/definition/report/3.0.0/schema.json",
  "themeCollection": {
    "baseTheme": {
      "name": "CY25SU11",
      "reportVersionAtImport": {
        "visual": "2.4.0",
        "report": "3.0.0",
        "page": "2.3.0"
      },
      "type": "SharedResources"
    }
  },
  "objects": {
    "section": [
      {
        "properties": {
          "verticalAlignment": {
            "expr": {
              "Literal": {
                "Value": "'Top'"
              }
            }
          }
        }
      }
    ],
    "outspacePane": [
      {
        "properties": {
          "expanded": {
            "expr": {
              "Literal": {
                "Value": "true"
              }
            }
          }
        }
      }
    ]
  },
  "resourcePackages": [
    {
      "name": "SharedResources",
      "type": "SharedResources",
      "items": [
        {
          "name": "CY25SU11",
          "path": "BaseThemes/CY25SU11.json",
          "type": "BaseTheme"
        }
      ]
    }
  ],
  "settings": {
    "useStylableVisualContainerHeader": true,
    "exportDataMode": "AllowSummarized",
    "defaultDrillFilterOtherVisuals": true,
    "allowChangeFilterTypes": true,
    "useEnhancedTooltips": true,
    "useDefaultAggregateDisplayName": true
  }
}