{
  "$schema": "https://developer.microsoft.com/json-schemas/fabric/item/report/definition/visualContainer/2.4.0/schema.json",
  "name": "b26c5c8545bc0934d6ae",
  "position": {
    "x": 495.24719369476952,
    "y": 0,
    "z": 1000,
    "height": 69.70145689037497,
    "width": 299.59398137090994,
    "tabOrder": 1000
  },
  "visual": {
    "visualType": "textbox",
    "objects": {
      "general": [
        {
          "properties": {
            "paragraphs": [
              {
                "textRuns": [
                  {
                    "value": "Key Influencers",
                    "textStyle": {
                      "fontWeight": "bold",
                      "fontSize": "24pt"
                    }
                  }
                ],
                "horizontalTextAlignment": "center"
              }
            ]
          }
        }
      ]
    },
    "drillFilterOtherVisuals": true
  }
}