{
  "$schema": "https://developer.microsoft.com/json-schemas/fabric/item/report/definition/visualContainer/2.4.0/schema.json",
  "name": "bf10ee9349c160d200d1",
  "position": {
    "x": 0,
    "y": 91.712443276809168,
    "z": 0,
    "height": 628.53594459039891,
    "width": 1280.305708144256,
    "tabOrder": 0
  },
  "visual": {
    "visualType": "waterfallChart",
    "query": {
      "queryState": {
        "Category": {
          "projections": [
            {
              "field": {
                "Column": {
                  "Expression": {
                    "SourceRef": {
                      "Entity": "Sales_Transactions"
                    }
                  },
                  "Property": "Product Category"
                }
              },
              "queryRef": "Sales_Transactions.Product Category",
              "nativeQueryRef": "Product Category",
              "active": true
            }
          ]
        },
        "Y": {
          "projections": [
            {
              "field": {
                "Aggregation": {
                  "Expression": {
                    "Column": {
                      "Expression": {
                        "SourceRef": {
                          "Entity": "Sales_Transactions"
                        }
                      },
                      "Property": "Profit/Loss"
                    }
                  },
                  "Function": 0
                }
              },
              "queryRef": "Sum(Sales_Transactions.Profit/Loss)",
              "nativeQueryRef": "Sum of Profit/Loss"
            }
          ]
        }
      },
      "sortDefinition": {
        "sort": [
          {
            "field": {
              "Aggregation": {
                "Expression": {
                  "Column": {
                    "Expression": {
                      "SourceRef": {
                        "Entity": "Sales_Transactions"
                      }
                    },
                    "Property": "Profit/Loss"
                  }
                },
                "Function": 0
              }
            },
            "direction": "Descending"
          }
        ],
        "isDefaultSort": true
      }
    },
    "objects": {
      "valueAxis": [
        {
          "properties": {
            "labelDisplayUnits": {
              "expr": {
                "Literal": {
                  "Value": "1000D"
                }
              }
            }
          }
        }
      ]
    },
    "visualContainerObjects": {
      "title": [
        {
          "properties": {
            "text": {
              "expr": {
                "Literal": {
                  "Value": "'Profit/Loss by Product Category'"
                }
              }
            }
          }
        }
      ],
      "border": [
        {
          "properties": {
            "show": {
              "expr": {
                "Literal": {
                  "Value": "true"
                }
              }
            }
          }
        }
      ]
    },
    "drillFilterOtherVisuals": true
  }
}