{
  "$schema": "https://developer.microsoft.com/json-schemas/fabric/item/report/definition/visualContainer/2.4.0/schema.json",
  "name": "bd9182ae099956c78d77",
  "position": {
    "x": 489.8815725556542,
    "y": 0,
    "z": 1000,
    "height": 45.2831705723714,
    "width": 300.51558652573749,
    "tabOrder": 1000
  },
  "visual": {
    "visualType": "textbox",
    "objects": {
      "general": [
        {
          "properties": {
            "paragraphs": [
              {
                "textRuns": [
                  {
                    "value": "Map",
                    "textStyle": {
                      "fontWeight": "bold",
                      "fontSize": "18pt"
                    }
                  }
                ],
                "horizontalTextAlignment": "center"
              }
            ]
          }
        }
      ]
    },
    "drillFilterOtherVisuals": true
  }
}