{
  "$schema": "https://developer.microsoft.com/json-schemas/fabric/item/report/definition/visualContainer/2.4.0/schema.json",
  "name": "88b1f7fcb1a3ce038790",
  "position": {
    "x": 0,
    "y": 91.712443276809168,
    "z": 0,
    "height": 628.53594459039891,
    "width": 1280.305708144256,
    "tabOrder": 0
  },
  "visual": {
    "visualType": "ribbonChart",
    "query": {
      "queryState": {
        "Category": {
          "projections": [
            {
              "field": {
                "HierarchyLevel": {
                  "Expression": {
                    "Hierarchy": {
                      "Expression": {
                        "PropertyVariationSource": {
                          "Expression": {
                            "SourceRef": {
                              "Entity": "Sales_Transactions"
                            }
                          },
                          "Name": "Variation",
                          "Property": "Date"
                        }
                      },
                      "Hierarchy": "Date Hierarchy"
                    }
                  },
                  "Level": "Year"
                }
              },
              "queryRef": "Sales_Transactions.Date.Variation.Date Hierarchy.Year",
              "nativeQueryRef": "Date Year",
              "active": true
            },
            {
              "field": {
                "HierarchyLevel": {
                  "Expression": {
                    "Hierarchy": {
                      "Expression": {
                        "PropertyVariationSource": {
                          "Expression": {
                            "SourceRef": {
                              "Entity": "Sales_Transactions"
                            }
                          },
                          "Name": "Variation",
                          "Property": "Date"
                        }
                      },
                      "Hierarchy": "Date Hierarchy"
                    }
                  },
                  "Level": "Quarter"
                }
              },
              "queryRef": "Sales_Transactions.Date.Variation.Date Hierarchy.Quarter",
              "nativeQueryRef": "Date Quarter",
              "active": true
            }
          ]
        },
        "Rows": {
          "projections": [
            {
              "field": {
                "Column": {
                  "Expression": {
                    "SourceRef": {
                      "Entity": "Sales_Transactions"
                    }
                  },
                  "Property": "Return Flag"
                }
              },
              "queryRef": "Sales_Transactions.Return Flag",
              "nativeQueryRef": "Return Flag"
            }
          ]
        },
        "Series": {
          "projections": [
            {
              "field": {
                "Column": {
                  "Expression": {
                    "SourceRef": {
                      "Entity": "Sales_Transactions"
                    }
                  },
                  "Property": "Product Category"
                }
              },
              "queryRef": "Sales_Transactions.Product Category",
              "nativeQueryRef": "Product Category"
            }
          ]
        },
        "Y": {
          "projections": [
            {
              "field": {
                "Aggregation": {
                  "Expression": {
                    "Column": {
                      "Expression": {
                        "SourceRef": {
                          "Entity": "Sales_Transactions"
                        }
                      },
                      "Property": "Sales Price"
                    }
                  },
                  "Function": 0
                }
              },
              "queryRef": "Sum(Sales_Transactions.Sales Price)",
              "nativeQueryRef": "Sum of Sale Price",
              "displayName": "Sum of Sale Price",
              "format": "0.00"
            }
          ]
        }
      }
    },
    "objects": {
      "valueAxis": [
        {
          "properties": {
            "labelDisplayUnits": {
              "expr": {
                "Literal": {
                  "Value": "1000D"
                }
              }
            }
          }
        }
      ],
      "smallMultiplesLayout": [
        {
          "properties": {
            "rowCount": {
              "expr": {
                "Literal": {
                  "Value": "2L"
                }
              }
            },
            "columnCount": {
              "expr": {
                "Literal": {
                  "Value": "1L"
                }
              }
            }
          }
        }
      ]
    },
    "visualContainerObjects": {
      "title": [
        {
          "properties": {
            "text": {
              "expr": {
                "Literal": {
                  "Value": "'Sales and Returns against Product Category Trend'"
                }
              }
            }
          }
        }
      ],
      "border": [
        {
          "properties": {
            "show": {
              "expr": {
                "Literal": {
                  "Value": "true"
                }
              }
            }
          }
        }
      ]
    },
    "drillFilterOtherVisuals": true
  },
  "filterConfig": {
    "filters": [
      {
        "name": "a38993e422db0b5db41c",
        "field": {
          "Aggregation": {
            "Expression": {
              "Column": {
                "Expression": {
                  "SourceRef": {
                    "Entity": "Sales_Transactions"
                  }
                },
                "Property": "Sales Price"
              }
            },
            "Function": 0
          }
        },
        "type": "Advanced"
      },
      {
        "name": "3d4c98d8496c533e0a95",
        "field": {
          "Column": {
            "Expression": {
              "SourceRef": {
                "Entity": "Sales_Transactions"
              }
            },
            "Property": "Product Category"
          }
        },
        "type": "Categorical"
      },
      {
        "name": "01b434a7737a461d6087",
        "field": {
          "Column": {
            "Expression": {
              "SourceRef": {
                "Entity": "Sales_Transactions"
              }
            },
            "Property": "Return Flag"
          }
        },
        "type": "Categorical"
      },
      {
        "name": "ff86f5a8ba4d1586151c",
        "field": {
          "HierarchyLevel": {
            "Expression": {
              "Hierarchy": {
                "Expression": {
                  "PropertyVariationSource": {
                    "Expression": {
                      "SourceRef": {
                        "Entity": "Sales_Transactions"
                      }
                    },
                    "Name": "Variation",
                    "Property": "Date"
                  }
                },
                "Hierarchy": "Date Hierarchy"
              }
            },
            "Level": "Year"
          }
        },
        "type": "Advanced"
      },
      {
        "name": "c669ec2442a43273b906",
        "field": {
          "HierarchyLevel": {
            "Expression": {
              "Hierarchy": {
                "Expression": {
                  "PropertyVariationSource": {
                    "Expression": {
                      "SourceRef": {
                        "Entity": "Sales_Transactions"
                      }
                    },
                    "Name": "Variation",
                    "Property": "Date"
                  }
                },
                "Hierarchy": "Date Hierarchy"
              }
            },
            "Level": "Quarter"
          }
        },
        "type": "Categorical"
      }
    ]
  }
}