{
  "$schema": "https://developer.microsoft.com/json-schemas/fabric/item/report/definition/visualContainer/2.4.0/schema.json",
  "name": "0e52d0fc3375b298b232",
  "position": {
    "x": 0,
    "y": 91.712443276809168,
    "z": 0,
    "height": 628.53594459039891,
    "width": 1280.305708144256,
    "tabOrder": 0
  },
  "visual": {
    "visualType": "filledMap",
    "query": {
      "queryState": {
        "Category": {
          "projections": [
            {
              "field": {
                "Column": {
                  "Expression": {
                    "SourceRef": {
                      "Entity": "Customer_Info"
                    }
                  },
                  "Property": "State"
                }
              },
              "queryRef": "Customer_Info.State",
              "nativeQueryRef": "State",
              "active": true
            }
          ]
        },
        "Series": {
          "projections": [
            {
              "field": {
                "Column": {
                  "Expression": {
                    "SourceRef": {
                      "Entity": "Customer_Info"
                    }
                  },
                  "Property": "Country"
                }
              },
              "queryRef": "Customer_Info.Country",
              "nativeQueryRef": "Country"
            }
          ]
        },
        "Tooltips": {
          "projections": [
            {
              "field": {
                "Aggregation": {
                  "Expression": {
                    "Column": {
                      "Expression": {
                        "SourceRef": {
                          "Entity": "Sales_Transactions"
                        }
                      },
                      "Property": "Sales Price"
                    }
                  },
                  "Function": 0
                }
              },
              "queryRef": "Sum(Sales_Transactions.Sales Price)",
              "nativeQueryRef": "Sum of Sales Price"
            },
            {
              "field": {
                "Aggregation": {
                  "Expression": {
                    "Column": {
                      "Expression": {
                        "SourceRef": {
                          "Entity": "Sales_Transactions"
                        }
                      },
                      "Property": "Units Sold"
                    }
                  },
                  "Function": 0
                }
              },
              "queryRef": "Sum(Sales_Transactions.Units Sold)",
              "nativeQueryRef": "Sum of Units Sold"
            }
          ]
        }
      }
    },
    "objects": {
      "dataPoint": [
        {
          "properties": {
            "fillRule": {
              "linearGradient2": {
                "min": {
                  "color": {
                    "expr": {
                      "Literal": {
                        "Value": "'minColor'"
                      }
                    }
                  }
                },
                "max": {
                  "color": {
                    "expr": {
                      "Literal": {
                        "Value": "'maxColor'"
                      }
                    }
                  }
                },
                "nullColoringStrategy": {
                  "strategy": {
                    "expr": {
                      "Literal": {
                        "Value": "'asZero'"
                      }
                    }
                  }
                }
              }
            }
          }
        }
      ]
    },
    "drillFilterOtherVisuals": true
  }
}