{
  "$schema": "https://developer.microsoft.com/json-schemas/fabric/item/report/definition/visualContainer/2.4.0/schema.json",
  "name": "7a7fe044034107c4a278",
  "position": {
    "x": 0,
    "y": 91.712443276809168,
    "z": 0,
    "height": 628.53594459039891,
    "width": 1280.305708144256,
    "tabOrder": 0
  },
  "visual": {
    "visualType": "funnel",
    "query": {
      "queryState": {
        "Category": {
          "projections": [
            {
              "field": {
                "Column": {
                  "Expression": {
                    "SourceRef": {
                      "Entity": "Customer_Info"
                    }
                  },
                  "Property": "Funnel Stage"
                }
              },
              "queryRef": "Customer_Info.Funnel Stage",
              "nativeQueryRef": "Funnel Stage",
              "active": true
            }
          ]
        },
        "Y": {
          "projections": [
            {
              "field": {
                "Aggregation": {
                  "Expression": {
                    "Column": {
                      "Expression": {
                        "SourceRef": {
                          "Entity": "Customer_Info"
                        }
                      },
                      "Property": "Customer ID"
                    }
                  },
                  "Function": 5
                }
              },
              "queryRef": "CountNonNull(Customer_Info.Customer ID)",
              "nativeQueryRef": "Customer ID"
            }
          ]
        }
      },
      "sortDefinition": {
        "sort": [
          {
            "field": {
              "Aggregation": {
                "Expression": {
                  "Column": {
                    "Expression": {
                      "SourceRef": {
                        "Entity": "Customer_Info"
                      }
                    },
                    "Property": "Customer ID"
                  }
                },
                "Function": 5
              }
            },
            "direction": "Descending"
          }
        ],
        "isDefaultSort": true
      }
    },
    "visualContainerObjects": {
      "title": [
        {
          "properties": {
            "text": {
              "expr": {
                "Literal": {
                  "Value": "'Customers by Funnel Stage'"
                }
              }
            }
          }
        }
      ],
      "border": [
        {
          "properties": {
            "show": {
              "expr": {
                "Literal": {
                  "Value": "true"
                }
              }
            }
          }
        }
      ]
    },
    "drillFilterOtherVisuals": true
  }
}