{
  "$schema": "https://developer.microsoft.com/json-schemas/fabric/item/report/definition/visualContainer/2.4.0/schema.json",
  "name": "f340d4910cbe3e6b0188",
  "position": {
    "x": 9.78266061619298,
    "y": 69.70145689037497,
    "z": 0,
    "height": 650.5469309768331,
    "width": 1270.523047528063,
    "tabOrder": 0
  },
  "visual": {
    "visualType": "keyDriversVisual",
    "query": {
      "queryState": {
        "ExplainBy": {
          "projections": [
            {
              "field": {
                "Column": {
                  "Expression": {
                    "SourceRef": {
                      "Entity": "Sales_Transactions"
                    }
                  },
                  "Property": "Sales Channel"
                }
              },
              "queryRef": "Sales_Transactions.Sales Channel",
              "nativeQueryRef": "Sales Channel"
            },
            {
              "field": {
                "Column": {
                  "Expression": {
                    "SourceRef": {
                      "Entity": "Sales_Transactions"
                    }
                  },
                  "Property": "Product Category"
                }
              },
              "queryRef": "Sales_Transactions.Product Category",
              "nativeQueryRef": "Product Category"
            },
            {
              "field": {
                "Column": {
                  "Expression": {
                    "SourceRef": {
                      "Entity": "Customer_Info"
                    }
                  },
                  "Property": "Country"
                }
              },
              "queryRef": "Customer_Info.Country",
              "nativeQueryRef": "Country"
            },
            {
              "field": {
                "Column": {
                  "Expression": {
                    "SourceRef": {
                      "Entity": "Sales_Transactions"
                    }
                  },
                  "Property": "Discount (%)"
                }
              },
              "queryRef": "Sum(Sales_Transactions.Discount (%))",
              "nativeQueryRef": "Discount (%)"
            }
          ]
        },
        "Target": {
          "projections": [
            {
              "field": {
                "Column": {
                  "Expression": {
                    "SourceRef": {
                      "Entity": "Sales_Transactions"
                    }
                  },
                  "Property": "Return Flag"
                }
              },
              "queryRef": "Sales_Transactions.Return Flag",
              "nativeQueryRef": "Return Flag"
            }
          ]
        }
      },
      "sortDefinition": {
        "sort": [
          {
            "field": {
              "Column": {
                "Expression": {
                  "SourceRef": {
                    "Entity": "Sales_Transactions"
                  }
                },
                "Property": "Sales Channel"
              }
            },
            "direction": "Ascending"
          }
        ],
        "isDefaultSort": true
      }
    },
    "objects": {
      "keyDrivers": [
        {
          "properties": {
            "targetValue": {
              "expr": {
                "Literal": {
                  "Value": "'''Returned'''"
                }
              }
            },
            "selectedAnalysis": {
              "expr": {
                "Literal": {
                  "Value": "'keyInfluencers'"
                }
              }
            }
          }
        }
      ]
    },
    "visualContainerObjects": {
      "title": [
        {
          "properties": {
            "show": {
              "expr": {
                "Literal": {
                  "Value": "true"
                }
              }
            },
            "text": {
              "expr": {
                "Literal": {
                  "Value": "'Key Influencers'"
                }
              }
            }
          }
        }
      ],
      "border": [
        {
          "properties": {
            "show": {
              "expr": {
                "Literal": {
                  "Value": "true"
                }
              }
            }
          }
        }
      ]
    },
    "drillFilterOtherVisuals": true
  }
}