{
  "$schema": "https://developer.microsoft.com/json-schemas/fabric/item/report/definition/visualContainer/2.4.0/schema.json",
  "name": "6b6e169b74d150c1d2db",
  "position": {
    "x": 490.35586338667304,
    "y": 0,
    "z": 1000,
    "height": 80.706950083592076,
    "width": 299.59398137090994,
    "tabOrder": 1000
  },
  "visual": {
    "visualType": "textbox",
    "objects": {
      "general": [
        {
          "properties": {
            "paragraphs": [
              {
                "textRuns": [
                  {
                    "value": "Filled Map",
                    "textStyle": {
                      "fontWeight": "bold",
                      "fontSize": "24pt"
                    }
                  }
                ],
                "horizontalTextAlignment": "center"
              },
              {
                "textRuns": [
                  {
                    "value": ""
                  }
                ]
              }
            ]
          }
        }
      ]
    },
    "drillFilterOtherVisuals": true
  }
}